periode,ist,laufendes_quartal,ein_quartal_vorher,zwei_quartale_vorher
1990-Q1,5441.0,5406.0,5415.0,5430.0
1990-Q2,5452.0,5518.0,5479.5,5506.0
1990-Q3,5514.0,5523.0,5599.0,5560.5
1990-Q4,5519.0,5563.0,5593.0,5687.0
1991-Q1,5562.0,5552.0,5612.5,5682.0
1991-Q2,5620.5,5605.95,5598.0,5668.0
1991-Q3,5670.8,5699.0,5679.6,5683.0
1991-Q4,5736.6,5730.3,5783.0,5769.4
1992-Q1,5809.3,5785.65,5808.7,5876.9
1992-Q2,5893.6,5893.154,5862.25,5890.5
1992-Q3,5967.1,5964.15,5982.9,5953.5
1992-Q4,6061.9,6035.8,6035.15,6077.1
1993-Q1,6158.8,6146.495,6112.2,6112.6
1993-Q2,6206.9,6241.791,6233.7,6195.0
1993-Q3,6396.3,6300.0,6334.8,6327.5
1993-Q4,6510.8,6493.2,6390.8,6432.3
1994-Q1,6609.4,6604.78,6582.15,6486.0747
1994-Q2,6683.6,6716.3,6704.6,6674.4195
1994-Q3,6775.9,6775.268,6813.705,6793.8
1994-Q4,6891.1,6877.1,6873.2,6910.7
1995-Q1,6982.9,6988.959,6974.539,6967.0
1995-Q2,7011.8,7061.877,7083.95,7076.0
1995-Q3,7113.2,7089.1925,7151.75,7176.2485
1995-Q4,7348.1,7190.0435,7184.6225,7250.1
1996-Q1,7430.7,7419.3,7275.65,7278.9555
1996-Q2,7538.1,7532.614,7500.8,7362.65
1996-Q3,7616.0,7635.55,7619.604,7590.889
1996-Q4,7731.7,7705.5,7725.3,7698.38
1997-Q1,7866.0,7821.5445,7802.5,7820.7
1997-Q2,8004.8,7961.9165,7916.25,7891.0
1997-Q3,8131.7,8103.15,8060.0,8001.45
1997-Q4,8241.5,8227.2,8200.6605,8157.0
1998-Q1,8332.2,8332.692,8319.15,8300.0
1998-Q2,8431.7,8413.7385,8411.5,8413.5305
1998-Q3,8526.5,8504.35,8492.098,8497.3
1998-Q4,8672.8,8609.1,8601.75,8582.0
1999-Q1,8807.9,8765.0,8689.8,8690.15
1999-Q2,8893.3,8908.0,8850.926,8762.0
1999-Q3,9276.3,8999.6,9000.7,8938.0
1999-Q4,9477.1,9401.3,9111.5,9103.249
2000-Q1,9697.2,9595.1,9498.543,9195.0
2000-Q2,9937.3,9849.2,9714.0,9609.0
2000-Q3,10063.3,10071.207,9983.4,9835.293
2000-Q4,10125.0,10197.65,10215.0,10120.1
2001-Q1,10243.6,10207.0,10337.2,10350.0
2001-Q2,10217.6,10339.6,10316.8,10472.0
2001-Q3,10247.7,10293.7,10436.1,10444.9
2001-Q4,10221.6,10234.866,10418.6,10566.8
2002-Q1,10431.3,10311.5,10279.4,10550.183
2002-Q2,10369.9,10542.186,10414.2,10388.7
2002-Q3,10486.1,10475.0,10669.85,10549.048
2002-Q4,10572.3,10567.0,10593.0,10807.3
2003-Q1,10697.7,10680.0,10687.0,10735.1
2003-Q2,10777.3,10792.353,10799.799,10817.0
2003-Q3,11038.4,10911.3765,10925.4275,10934.9
2003-Q4,11246.3,11189.85,11063.3655,11066.909
2004-Q1,11447.8,11409.817,11356.4895,11224.7515
2004-Q2,11649.3,11630.25,11564.603,11520.548
2004-Q3,11803.5,11812.458,11797.8745,11723.715
2004-Q4,11967.0,11962.555,11986.7635,11964.7445
2005-Q1,12182.7,12142.602,12127.022,12157.7
2005-Q2,12376.2,12352.121,12314.965,12292.1615
2005-Q3,12589.6,12572.589,12520.9575,12483.778
2005-Q4,12735.3,12777.625,12751.6255,12697.36
2006-Q1,13020.9,12946.0705,12954.7145,12930.3605
2006-Q2,13193.9,13215.872,13133.616,13140.4
2006-Q3,13308.3,13373.8298,13383.6,13305.6185
2006-Q4,13487.2,13455.7045,13532.7819,13551.5363
2007-Q1,13632.6,13655.3459,13632.0911,13714.4579
2007-Q2,13755.9,13806.4692,13819.3077,13807.0164
2007-Q3,13926.7,13906.0997,13971.4,13999.138
2007-Q4,14080.8,14063.9,14073.7874,14147.4114
2008-Q1,14185.2,14185.4634,14215.5821,14249.2546
2008-Q2,14256.5,14297.3447,14315.3799,14367.1952
2008-Q3,14429.2,14405.8,14452.3,14468.1674
2008-Q4,14264.6,14415.0404,14517.6843,14613.5264
2009-Q1,14075.5,14112.5016,14448.3745,14660.5604
2009-Q2,14149.8,14059.8412,14091.5547,14518.8356
2009-Q3,14301.5,14290.3,14130.8677,14158.2461
2009-Q4,14463.4,14440.76,14395.6584,14222.1
2010-Q1,14601.4,14621.4083,14587.5165,14581.6
2010-Q2,14597.7,14761.9629,14759.4266,14719.3494
2010-Q3,14730.2,14724.9905,14919.5796,14923.2123
2010-Q4,14870.4,14856.4,14877.9,15090.8193
2011-Q1,15006.4,15063.771,14998.62,15041.6851
2011-Q2,15003.8,15201.2,15235.9,15139.0698
2011-Q3,15198.6,15149.9252,15395.5869,15420.156
2011-Q4,15294.3,15360.7883,15315.7561,15591.6015
2012-Q1,15461.8,15440.8,15510.7571,15479.1118
2012-Q2,15595.9,15619.0,15602.0724,15664.8
2012-Q3,15775.7,15732.48,15787.082,15768.0094
2012-Q4,15829.0,15917.9716,15885.5346,15974.7141
2013-Q1,16010.2,15986.145,16058.8767,16046.3641
2013-Q2,16633.4,16149.872,16149.6084,16216.2229
2013-Q3,16857.6,16789.9336,16310.6,16324.5737
2013-Q4,17102.5,17002.0648,16962.7709,16490.7986
2014-Q1,17149.6,17248.8,17176.8167,17144.1983
2014-Q2,17294.7,17349.0602,17436.7117,17359.809
2014-Q3,17535.4,17493.757,17551.48,17625.4296
2014-Q4,17710.7,17721.6408,17704.8629,17763.94
2015-Q1,17710.0,17863.6863,17921.9668,17920.0
2015-Q2,17840.5,17892.25,18048.215,18129.6704
2015-Q3,18034.8,18032.0676,18108.5275,18248.7251
2015-Q4,18128.2,18213.6202,18226.9691,18315.4949
2016-Q1,18221.1,18271.4785,18414.0254,18437.0396
2016-Q2,18437.6,18387.256,18449.361,18613.3208
2016-Q3,18651.2,18626.9949,18570.9494,18637.4555
2016-Q4,18860.8,18839.5803,18819.4285,18779.3832
2017-Q1,19007.3,19057.316,19021.3437,19009.2287
2017-Q2,19226.7,19235.9793,19261.2341,19218.1609
2017-Q3,19495.5,19430.1354,19451.1382,19476.0969
2017-Q4,19738.9,19711.2175,19632.8063,19665.7778
2018-Q1,19965.3,19975.4233,19927.1077,19840.8
2018-Q2,20402.5,20214.0643,20211.8493,20138.6954
2018-Q3,20659.0,20657.7999,20463.8668,20452.5313
2018-Q4,20891.4,20899.8547,20925.0298,20710.7129
2019-Q1,21062.7,21055.3619,21147.2749,21188.0962
2019-Q2,21337.9,21279.439,21294.1602,21399.4772
2019-Q3,21525.8,21534.7237,21514.53,21520.0058
2019-Q4,21734.3,21716.0094,21745.0,21716.8144
2020-Q1,21537.9,21918.6,21915.3337,21948.41
2020-Q2,19408.8,19610.5503,22143.6332,22136.6858
2020-Q3,21157.6,20393.7546,20224.4008,22371.5392
2020-Q4,21479.5,21453.8368,20700.3206,20573.6168
2021-Q1,22048.9,21758.1372,21729.2,21014.2387
2021-Q2,22722.6,22616.3695,22141.507,22009.6212
2021-Q3,23173.5,23290.1662,23128.5297,22532.2194
2021-Q4,23992.4,23660.1385,23763.3101,23573.6155
2022-Q1,24382.7,24344.4608,24108.6011,24138.9708
2022-Q2,24851.8,24815.6531,24801.7104,24513.8798
2022-Q3,25663.3,25257.4078,25203.135,25161.0311
2022-Q4,26132.5,26027.6211,25568.3038,25530.1363
2023-Q1,26465.9,26391.4809,26286.2936,25900.2349
2023-Q2,26835.0,26729.0795,26611.5337,26492.855
2023-Q3,27623.5,27142.3594,26944.6418,26838.7832
2023-Q4,27938.8,27903.9113,27388.1015,27157.5328
2024-Q1,28284.5,28231.6808,28124.2,27649.3116
2024-Q2,28629.2,28627.91,28473.0329,28414.036
2024-Q3,29349.9,28915.4,28943.5226,28724.5
2024-Q4,29700.6,29662.7154,29210.7424,29231.1691
2025-Q1,29977.6,30063.2145,29976.5028,29509.0129
2025-Q2,30331.1,30316.5288,30409.4882,30292.1319
2025-Q3,30918.8,30660.8443,30645.5624,30759.8443
2025-Q4,31490.1,31192.4055,30971.9,30945.3726
2026-Q1,31856.3,31916.0353,31538.2175,31304.0835
